Bond,Maturity,DirtyPrice
OAT 2027,2027-05-25,98.80356164383562
OAT 2028,2028-05-25,96.36767123287672
OAT 2029,2029-05-25,93.43178082191781
OAT 2030,2030-05-25,98.33890410958904
OAT 2031,2031-05-25,92.70534246575343
OAT 2032,2032-05-25,82.37
OAT 2033,2033-05-25,97.55068493150685
OAT 2034,2034-05-25,84.54945205479451
OAT 2035,2035-05-25,96.64739726027398
OAT 2036,2036-05-25,79.44945205479452
OAT 2037,2037-05-25,99.29753424657534
OAT 2038,2038-05-25,74.33945205479452
OAT 2039,2039-05-25,77.19123287671233
OAT 2040,2040-05-25,61.74178082191781
OAT 2041,2041-05-25,103.97602739726028
OAT 2042,2042-05-25,92.97082191780822
OAT 2043,2043-05-25,78.96890410958905
OAT 2044,2044-05-25,52.59178082191781
OAT 2045,2045-05-25,85.40657534246576
