Bond,Maturity,DiscountFactor
OAT 2027,2027-05-25,0.9782530855825309
OAT 2028,2028-05-25,0.9492206592425788
OAT 2029,2029-05-25,0.9200800392985597
OAT 2030,2030-05-25,0.8899514112124864
OAT 2031,2031-05-25,0.858119060815263
OAT 2032,2032-05-25,0.8237000000000001
OAT 2033,2033-05-25,0.789249632650996
OAT 2034,2034-05-25,0.7584072562349777
OAT 2035,2035-05-25,0.7204753643038209
OAT 2036,2036-05-25,0.6897790757344988
OAT 2037,2037-05-25,0.6499425724786863
OAT 2038,2038-05-25,0.622770166497299
OAT 2039,2039-05-25,0.5926665681535318
OAT 2040,2040-05-25,0.5633877947842308
OAT 2041,2041-05-25,0.529655648859404
OAT 2042,2042-05-25,0.5034985705478022
OAT 2043,2043-05-25,0.4816684082302184
OAT 2044,2044-05-25,0.4620036633293967
OAT 2045,2045-05-25,0.42481725098409523
