Bond,Maturity,QLDiscountFactor,QLZeroCouponRate,QLZeroCouponRatePct
OAT 2027,2027-05-25,0.9782530855825309,0.02693021897428442,2.693021897428442
OAT 2028,2028-05-25,0.949208969730988,0.028670873327538832,2.8670873327538833
OAT 2029,2029-05-25,0.9200798577103595,0.0295745194155304,2.95745194155304
OAT 2030,2030-05-25,0.8899505254163876,0.03054927037733291,3.0549270377332913
OAT 2031,2031-05-25,0.8581185371919535,0.03176891771188508,3.176891771188508
OAT 2032,2032-05-25,0.8237000000000001,0.03333547675880495,3.3335476758804954
OAT 2033,2033-05-25,0.7892469558231217,0.034721359782803406,3.4721359782803405
OAT 2034,2034-05-25,0.758406154659721,0.03537880043981968,3.537880043981968
OAT 2035,2035-05-25,0.7204726317140362,0.037185974216504984,3.7185974216504984
OAT 2036,2036-05-25,0.6897639339992073,0.03782871856992275,3.782871856992275
OAT 2037,2037-05-25,0.6501157300376943,0.039810228797130524,3.9810228797130525
OAT 2038,2038-05-25,0.6227663516838355,0.04007839364874053,4.007839364874053
OAT 2039,2039-05-25,0.5926613192701414,0.04081728165682615,4.081728165682615
OAT 2040,2040-05-25,0.5633816656937664,0.041525120721109185,4.152512072110919
OAT 2041,2041-05-25,0.529640593216703,0.04289537155933337,4.2895371559333375
OAT 2042,2042-05-25,0.5034869445688825,0.04338508335847856,4.338508335847855
OAT 2043,2043-05-25,0.48166053155073363,0.04344057219357406,4.344057219357406
OAT 2044,2044-05-25,0.46199829338864756,0.043337639785748,4.3337639785748
OAT 2045,2045-05-25,0.42480556591231106,0.04549871184467074,4.549871184467074
