Bond,Maturity,QLDiscountFactor,QLZeroCouponRate,QLZeroCouponRatePct,TimeToMaturity,DiscountFactor,ZeroCouponRate,ZeroCouponRatePct,DiscountFactor_Diff,ZeroCouponRate_Diff,ZeroCouponRatePct_Diff
OAT 2027,2027-05-25,0.9782530855825309,0.02693021897428442,2.693021897428442,0.8164383561643835,0.9782530855825309,0.0269302189742843,2.69302189742843,0.0,-1.1796119636642288e-16,-1.199040866595169e-12
OAT 2028,2028-05-25,0.949208969730988,0.028670873327538832,2.8670873327538833,1.8180926716071562,0.9492206592425788,0.028664099785321098,2.86640997853211,1.1689511590806667e-05,-6.773542217734102e-06,-0.06773542217732853
OAT 2029,2029-05-25,0.9200798577103595,0.0295745194155304,2.95745194155304,2.8164383561643835,0.9200800392985597,0.029574449340739894,2.9574449340739895,1.8158820025426792e-07,-7.007479050497034e-08,-0.0007007479050358256
OAT 2030,2030-05-25,0.8899505254163876,0.03054927037733291,3.0549270377332913,3.8164383561643835,0.8899514112124864,0.0305490095762254,3.05490095762254,8.857960988040148e-07,-2.6080110751211527e-07,-0.002608011075144745
OAT 2031,2031-05-25,0.8581185371919535,0.03176891771188508,3.176891771188508,4.816438356164384,0.858119060815263,0.03176879102094792,3.176879102094792,5.236233094896292e-07,-1.2669093715778068e-07,-0.001266909371588909
OAT 2032,2032-05-25,0.8237000000000001,0.03333547675880495,3.3335476758804954,5.818092671607157,0.8237000000000001,0.033335476758804966,3.3335476758804967,0.0,1.3877787807814457e-17,1.3322676295501878e-13
OAT 2033,2033-05-25,0.7892469558231217,0.034721359782803406,3.4721359782803405,6.816438356164384,0.789249632650996,0.034720862218423035,3.4720862218423036,2.676827874359411e-06,-4.975643803709073e-07,-0.004975643803684093
OAT 2034,2034-05-25,0.758406154659721,0.03537880043981968,3.537880043981968,7.816438356164384,0.7584072562349777,0.035378614615264876,3.5378614615264876,1.1015752566789772e-06,-1.8582455480614657e-07,-0.0018582455480586901
OAT 2035,2035-05-25,0.7204726317140362,0.037185974216504984,3.7185974216504984,8.816438356164383,0.7204753643038209,0.03718554402388724,3.7185544023887243,2.732589784670836e-06,-4.30192617743852e-07,-0.004301926177419091
OAT 2036,2036-05-25,0.6897639339992073,0.03782871856992275,3.782871856992275,9.818092671607156,0.6897790757344988,0.03782648271678602,3.7826482716786023,1.5141735291490654e-05,-2.2358531367311363e-06,-0.022358531367272505
OAT 2037,2037-05-25,0.6501157300376943,0.039810228797130524,3.9810228797130525,10.816438356164383,0.6499425724786863,0.039834856524909736,3.9834856524909736,-0.00017315755900804142,2.4627727779211184e-05,0.2462772777921174
OAT 2038,2038-05-25,0.6227663516838355,0.04007839364874053,4.007839364874053,11.816438356164383,0.622770166497299,0.04007787525440971,4.007787525440971,3.814813463454136e-06,-5.183943308229022e-07,-0.00518394330821792
OAT 2039,2039-05-25,0.5926613192701414,0.04081728165682615,4.081728165682615,12.816438356164383,0.5926665681535318,0.040816590636113745,4.081659063611374,5.248883390374104e-06,-6.910207124080636e-07,-0.006910207124111167
OAT 2040,2040-05-25,0.5633816656937664,0.041525120721109185,4.152512072110919,13.818092671607156,0.5633877947842308,0.04152433341638268,4.152433341638268,6.129090464490616e-06,-7.873047265030686e-07,-0.007873047265061217
OAT 2041,2041-05-25,0.529640593216703,0.04289537155933337,4.2895371559333375,14.816438356164383,0.529655648859404,0.042893453031760606,4.28934530317606,1.505564270098958e-05,-1.9185275727667817e-06,-0.01918527572772888
OAT 2042,2042-05-25,0.5034869445688825,0.04338508335847856,4.338508335847855,15.816438356164383,0.5034985705478022,0.04338362344334584,4.338362344334584,1.1625978919682645e-05,-1.4599151327149285e-06,-0.014599151327132631
OAT 2043,2043-05-25,0.48166053155073363,0.04344057219357406,4.344057219357406,16.816438356164383,0.4816684082302184,0.04343959974970544,4.343959974970544,7.876679484764004e-06,-9.724438686242731e-07,-0.009724438686209425
OAT 2044,2044-05-25,0.46199829338864756,0.043337639785748,4.3337639785748,17.818092671607154,0.4620036633293967,0.04333698745870184,4.333698745870184,5.369940749122559e-06,-6.523270461578079e-07,-0.006523270461578079
OAT 2045,2045-05-25,0.42480556591231106,0.04549871184467074,4.549871184467074,18.816438356164383,0.42481725098409523,0.04549725001157057,4.549725001157057,1.1685071784173218e-05,-1.461833100173393e-06,-0.014618331001692297
