Bond,Maturity,TimeToMaturity,DiscountFactor,ZeroCouponRate,ZeroCouponRatePct
OAT 2027,2027-05-25,0.8164383561643835,0.9782530855825309,0.0269302189742843,2.69302189742843
OAT 2028,2028-05-25,1.8180926716071562,0.9492206592425788,0.028664099785321098,2.86640997853211
OAT 2029,2029-05-25,2.8164383561643835,0.9200800392985597,0.029574449340739894,2.9574449340739895
OAT 2030,2030-05-25,3.8164383561643835,0.8899514112124864,0.0305490095762254,3.05490095762254
OAT 2031,2031-05-25,4.816438356164384,0.858119060815263,0.03176879102094792,3.176879102094792
OAT 2032,2032-05-25,5.818092671607157,0.8237000000000001,0.033335476758804966,3.3335476758804967
OAT 2033,2033-05-25,6.816438356164384,0.789249632650996,0.034720862218423035,3.4720862218423036
OAT 2034,2034-05-25,7.816438356164384,0.7584072562349777,0.035378614615264876,3.5378614615264876
OAT 2035,2035-05-25,8.816438356164383,0.7204753643038209,0.03718554402388724,3.7185544023887243
OAT 2036,2036-05-25,9.818092671607156,0.6897790757344988,0.03782648271678602,3.7826482716786023
OAT 2037,2037-05-25,10.816438356164383,0.6499425724786863,0.039834856524909736,3.9834856524909736
OAT 2038,2038-05-25,11.816438356164383,0.622770166497299,0.04007787525440971,4.007787525440971
OAT 2039,2039-05-25,12.816438356164383,0.5926665681535318,0.040816590636113745,4.081659063611374
OAT 2040,2040-05-25,13.818092671607156,0.5633877947842308,0.04152433341638268,4.152433341638268
OAT 2041,2041-05-25,14.816438356164383,0.529655648859404,0.042893453031760606,4.28934530317606
OAT 2042,2042-05-25,15.816438356164383,0.5034985705478022,0.04338362344334584,4.338362344334584
OAT 2043,2043-05-25,16.816438356164383,0.4816684082302184,0.04343959974970544,4.343959974970544
OAT 2044,2044-05-25,17.818092671607154,0.4620036633293967,0.04333698745870184,4.333698745870184
OAT 2045,2045-05-25,18.816438356164383,0.42481725098409523,0.04549725001157057,4.549725001157057
